prioridad,ciudad,tipo,clinica,telefono,email,web,canales_detectados,gancho,estado
A,Sevilla,estetica,Central Clinic,955 287 227,info@centralclinic.es,https://www.centralclinic.es/,solo formulario/telefono/email,Primera consulta gratis pero sin chat ni WhatsApp ni reserva online,pendiente (borrador no creado)
A,Málaga,estetica,Dermonova,952 602 467 / 676 221 726,info@dermonova.com,https://www.dermonova.com/,WhatsApp + formulario; sin chat ni reserva online,Escleroterapia varices: tratamiento muy consultado,pendiente (borrador no creado)
A,Zaragoza,estetica/cirugia,Medeho,976 224 366,info@medeho.com,https://www.medeho.com/,WhatsApp + formulario; sin chat ni reserva online,Formulario dice "en la brevedad de lo posible"; cirugías de alto ticket,borrador en Gmail
A,Sevilla,estetica,Clínicas Vene,631 26 75 15,hola@clinicasvene.es,https://www.clinicasvene.es/,WhatsApp; sin chat ni reserva online,Promo botox 199 € 3 zonas genera picos de mensajes,borrador en Gmail
A,Valencia/Tres Cantos,dental,Clínica Dental Nieto y Llorens,960 88 09 99,info@clinicadentalnietoyllorens.com,https://www.clinicadentalnietoyllorens.com/,formulario/telefono; sin chat ni reserva online,Apex Provider Invisalign + primera cita gratis,borrador en Gmail
A,Valencia,dental,Dental Asensio,96 382 55 77,sonrisa@dentalasensio.com,https://www.dentalasensio.com/,cita online + WhatsApp,Promo 20% implantes: ofrecer reactivación a éxito,borrador en Gmail
B,Bilbao,dental,Marfilden,944 445 485,info@marfilden.com,https://www.marfilden.com/,WhatsApp + reserva online,Ya tienen reserva: ofrecer reactivación/seguimiento,
B,Madrid,estetica,Novo Clinic,676 015 696,contactanos@novoclinic.es,https://novoclinic.es/,WhatsApp + reserva online (Timely),Campañas con hasta 40% dto: reactivación,
C,Madrid,dental,Clínica Dental Fleming,914 57 04 04,info@clinicadentalfleming.es,https://clinicadentalfleming.es/,ya tienen chat + WhatsApp,Ya tienen chat: solo reactivación/reseñas,
C,Barcelona,capilar,Eternal Hair Clinic,931 442 806,info@eternalhairclinic.com,https://eternalhairclinic.es/,ya tienen chat + WhatsApp,Ya tienen chat: solo reactivación,
,Madrid,estetica,Face Clinic,910 885 812 / 913 573 699,,https://faceclinic.es/,sin revisar,,
,Madrid,estetica,FEMM Cirugía y Medicina Estética,91 575 64 75,,https://www.femmcirugiaestetica.com/,sin revisar,,
,Madrid,estetica,Clínica Medicina Estética DA,652 43 64 31,,https://medicinaesteticamadrid.es/,sin revisar,,
,Madrid,estetica,Clínica Doctora Bonina,91 590 63 63,,https://doctorabonina.com/,sin revisar,,
,Madrid,estetica,Doctora Karina,914 318 464,,https://doctorakarina.com/,sin revisar,,
,Madrid,estetica,SkinMed Clinic,910 82 41 75,,https://skinmedclinic.es/,sin revisar,,
,Madrid,dental,Clínica Dental Elena Toledano,914 740 944,info@elenatoledano.com,https://elenatoledano.com/,sin revisar,,
,Madrid,dental,Clínica Dental Velázquez,91 562 43 04,clinica@clinicadentalvelazquez.com,https://www.clinicadentalvelazquez.com/,sin revisar,,
,Madrid,dental,Sonris,910 459 517,hola@sonris.es,https://sonris.es/,sin revisar,,
,Madrid,dental,Dentin,91 578 13 11,info@dentin.es,https://www.dentin.es/,sin revisar,,
,Madrid,dental,Q Dental,915 93 02 65,clinica@q-dental.es,https://www.q-dental.es/,sin revisar,,
,Madrid,dental,Clínica Dental Morante,91 356 14 65,,https://www.dentalmorante.es/,sin revisar,,
,Valencia,dental,Clínica Dental Blanch,963 52 35 05,,https://dentalblanch.es/,sin revisar,,
,Valencia,dental,Clínica Dental Pedro Mahiques,963 93 54 72,,https://clinicamahiques.com/,sin revisar,,
,Valencia,dental,Dentalmedica,963 52 01 52,,https://dentalmedica.es/,sin revisar,,
,Sevilla,estetica,Clínica Cisem,954 64 71 71,clinicacisem@clinicacisem.net,https://clinicacisem.com/,sin revisar,,
,Sevilla,estetica,Clínica Cristina Carrasco,955 38 51 53,,https://clinicacristinacarrasco.es/,sin revisar,,
,Sevilla,estetica,Clínica Pereira,954 92 03 02,info@clinicapereira-sevilla.com,https://www.clinicapereira-sevilla.com/,sin revisar,,
,Barcelona,capilar,Instituto Quirúrgico Capilar,93 290 64 30,capilar@drpaloma.com,https://institutoquirurgicocapilar.com/,sin revisar,,
,Barcelona,capilar,Clínica Dr. Jorge Pasquier,611 82 44 49,,https://jorgepasquier.com/,sin revisar,,
,Barcelona,capilar,CCCI Barcelona,93 419 67 27,injertocapilar@cccibarcelona.com,https://cccibarcelona.com/,sin revisar,,
,Barcelona,capilar,Clínica Capilar BCI,933 523 733,info@clinicacapilarbci.com,https://clinicacapilarbci.com/,sin revisar,,
,Barcelona,capilar,Sants Institut,934 09 02 43,info@santsinstitut.com,https://santsinstitut.com/,sin revisar,,
,Málaga,estetica,PURÄ Medicina Estética,951 84 06 77,,https://clinicaesteticamalaga.com/,sin revisar,,
,Málaga,estetica,Clínicas Revitae,951 20 71 70,,https://clinicasrevitae.com/,sin revisar,,
,Málaga,estetica,Clínica Roma,951 536 845,info@clinicasroma.com,https://clinicasroma.com/,sin revisar,,
,Málaga,estetica,Clínica Dra. Caparrós,952 06 81 71,info@tecnomedicamalaga.es,https://tecnomedicamalaga.es/,sin revisar,,
,Málaga,estetica,Clínica Vida,650 593 380,info@vidaclinicas.com,https://vidaclinicas.com/,sin revisar,,
,Bilbao,dental,Clínica Dental Anatomia,944 399 249,info@anatomiabilbao.com,https://anatomiabilbao.com/,sin revisar,,
,Bilbao,dental,Grupo Llona,944 23 23 00,bilbao@grupollona.es,https://www.grupollona.es/,sin revisar,,
,Bilbao,dental,Clínica Dental Albea,944 42 34 97,info@dentalalbea.com,https://www.dentalalbea.com/,sin revisar,,
,Bilbao,dental,Clínica Dental La Casilla,944 21 13 02,cdlacasilla@gmail.com,https://clinicadentallacasilla.com/,sin revisar,,
,Bilbao,dental,Implantología Estética Dr. Julián Cuesta,94 416 00 05,bilbao@implantologiaestetica.com,https://implantologiaestetica.com/,sin revisar,,
,Zaragoza,estetica,Clínica Azala,682 759 164,info@clinica-azala.com,https://clinica-azala.com/,sin revisar,,
,Zaragoza,estetica,Clínica Renacek,604 956 510,info@renacek.com,https://renacek.com/,sin revisar,,
,Zaragoza,estetica,Medicina Estética Mave,876 44 25 61,medicomave@gmail.com,https://www.medicinaesteticamave.com/,sin revisar,,
,Zaragoza,estetica,Centro Médico Ruiseñores,976 378 103,estetica@centromedicoruisenores.com,https://centroesteticazaragoza.com/,sin revisar,,
,Zaragoza,estetica,Clínica Dra. Any Ramírez,976 906 919,medicinaestetica@draanyramirez.es,https://www.draanyramirez.es/,sin revisar,,
,Zaragoza,estetica,Aragolaser,976 48 31 31,info@aragolaser.com,https://aragolaser.com/,sin revisar,,
,Zaragoza,estetica,Yara Belleza,622 53 12 79,yarabellezazgz@gmail.com,https://www.facebook.com/yarabelleza/,sin revisar,,
